Date,AUD,CAD,CHF,CNY,EUR,GBP,HKD,JPY,KRW,MYR,SGD,TWD,USD,VND
14/5/2563,20.74172,22.84653,32.96856,4.52553,34.676,39.248,4.13923,0.29924,0.02615,7.40466,22.5425,1.07374,32.08617,0.00137
13/5/2563,20.70282,22.75082,32.98667,4.52294,34.7,39.24052,4.13739,0.29955,0.02613,7.38,22.58791,1.06865,32.0698,0.00137
12/5/2563,20.78474,22.8049,33.11069,4.53213,34.824,39.37629,4.14158,0.2995,0.02617,7.42199,22.63533,1.07487,32.10044,0.00138
11/5/2563,20.88412,22.95846,33.06838,4.53437,34.78,39.69006,4.15176,0.29894,0.02632,7.41752,22.70694,1.07577,32.17957,0.00138
10/5/2563,21.02147,23.116239999999998,33.145790000000005,4.55224,34.910140000000006,39.97589,4.1573,0.30201999999999996,0.02642,7.428489999999999,22.81351,1.07769,32.22633,0.0013800000000000002
8/5/2563,21.03063,23.12012,33.16912,4.55435,34.91,39.95925,4.15465,0.30186999999999997,0.026410000000000003,7.42845,22.79494,1.0777299999999999,32.207770000000004,0.0013800000000000002
7/5/2563,21.01738,23.142329999999998,33.25349,4.56836,35.053000000000004,40.00251,4.17523,0.30446999999999996,0.02653,7.51082,22.88652,1.08501,32.3609,0.00139
6/5/2563,20.74689,22.91221,33.245,4.56335,35.0,40.01097,4.18189,0.30563,0.02638,7.49529,22.80398,1.0821,32.42167,0.0013800000000000002
5/5/2563,20.814529999999998,23.0506,33.291920000000005,4.584169999999999,35.101,40.276070000000004,4.1758,0.30384,0.026489999999999996,7.52062,22.86204,1.0860299999999998,32.37846,0.0013800000000000002
4/5/2563,20.79587,22.98366,33.5217,4.584969999999999,35.296,40.27247,4.1756,0.30324,0.02647,7.480980000000001,22.83585,1.0835299999999999,32.374520000000004,0.0013800000000000002
3/5/2563,20.752229999999997,23.00656,33.65579,4.596369999999999,35.54422,40.44723,4.17894,0.30319,0.02645,7.60077,22.87479,1.09991,32.39347,0.00139
1/5/2563,20.78378,22.98187,33.67923,4.59524,35.54422,40.44401,4.17551,0.30277,0.026719999999999997,7.60077,22.8664,1.0745200000000001,32.3709,0.00139
30/4/2563,21.11015,23.278389999999998,33.59673,4.595280000000001,35.544000000000004,40.87773,4.18679,0.30286,0.026719999999999997,7.60072,23.006420000000002,1.09985,32.45731,0.00139
29/4/2563,21.23743,23.333820000000006,33.246179999999995,4.57641,35.221,40.38735,4.17897,0.30376,0.02675,7.46635,22.93781,1.08594,32.38847,0.00139
28/4/2563,21.06936,23.18659,33.30537,4.58712,35.13,40.33017,4.18854,0.30374,0.02657,7.39641,22.90838,1.07716,32.46225,0.0013800000000000002
27/4/2563,20.9741,23.136689999999998,33.27715,4.57946,35.14,40.324059999999996,4.18593,0.30246999999999996,0.02655,7.4302800000000016,22.87358,1.07779,32.44601,0.0013800000000000002
26/4/2563,20.710720000000002,23.00516,33.328509999999994,4.5797300000000005,35.09576,40.11677,4.18429,0.30157,0.02635,7.4608300000000005,22.764029999999998,1.0814,32.43226,0.0013800000000000002
24/4/2563,20.740479999999998,23.003510000000002,33.32099,4.58124,35.096,40.09963,4.18325,0.30162,0.02634,7.46088,22.76537,1.0813700000000002,32.42484,0.0013800000000000002
23/4/2563,20.594179999999998,22.94876,33.10429,4.571619999999999,34.833,39.90766,4.16945,0.30038000000000004,0.026189999999999998,7.41412,22.69547,1.0745,32.31576,0.0013800000000000002
22/4/2563,20.45788,22.84937,33.306709999999995,4.57011,35.029,39.92819,4.17603,0.30030999999999997,0.02623,7.37794,22.67484,1.07133,32.36518,0.00137
21/4/2563,20.42635,22.88596,33.513659999999994,4.58171,35.281,39.95945,4.192769999999999,0.30151999999999995,0.026369999999999998,7.4098,22.69823,1.08244,32.493390000000005,0.00139
20/4/2563,20.57798,22.9867,33.566320000000005,4.59315,35.297,40.41888,4.19209,0.30184,0.02661,7.430789999999999,22.86282000000001,1.0823200000000002,32.48943,0.00139
19/4/2563,20.64479,23.13308,33.53267,4.58416,35.271,40.54138,4.18447,0.30155,0.026660000000000003,7.42241,22.79711,1.08352,32.43594,0.00139
17/4/2563,20.71021,23.232689999999998,33.65439,4.60303,35.395,40.71011,4.19959,0.30262,0.02677,7.47455,22.89309,1.08717,32.54892,0.00139
16/4/2563,20.75159,23.30003,33.71771,4.61216,35.468,40.78141,4.2138800000000005,0.30230999999999997,0.0266,7.45345,22.899720000000002,1.08317,32.66547,0.00139
15/4/2563,20.67213,23.17713,33.88879,4.62491,35.671,40.96066,4.21887,0.30445,0.026719999999999997,7.5365,22.96954,1.0869,32.69989,0.0014
14/4/2563,21.04349,23.52232,34.02028,4.63356,35.88,41.24422,4.2138300000000015,0.30481,0.02697,7.563239999999999,23.10516,1.09037,32.663909999999994,0.0014
13/4/2563,20.86433,23.50793,33.77882,4.63214,35.65777,40.89382,4.21694,0.30344,0.02694,7.55085,23.08903,1.09327,32.68866,0.0014
12/4/2563,20.73647,23.42185,33.7998,4.64008,35.71879000000001,40.70007,4.21051,0.30097,0.02694,7.57224,23.07922,1.09338,32.64195,0.0014
10/4/2563,20.74334,23.39945,33.81964,4.63929,35.71879000000001,40.67087,4.21183,0.30111,0.02698,7.578810000000002,23.10191,1.09062,32.65598,0.0014
9/4/2563,20.70175,23.39009,33.81328,4.6390699999999985,35.719,40.7082,4.21593,0.30131,0.02699,7.58655,23.06386,1.09339,32.68696,0.0014
8/4/2563,20.40503,23.34275,33.67159,4.6304099999999995,35.537,40.56735,4.22242,0.30067,0.02692,7.5148600000000005,22.96102,1.0855700000000001,32.73173,0.00139
7/4/2563,20.17294,23.35081,33.71505,4.63818,35.624,40.35159,4.2191,0.30072,0.026910000000000003,7.54139,22.97285,1.08979,32.70823,0.0014
6/4/2563,19.95188,23.24487,33.53759,4.62448,35.411,40.13169,4.23181,0.30036,0.02679,7.51204,22.90195,1.08482,32.80345,0.0014
5/4/2563,19.77899,23.12999,33.74957,4.64971,35.64748,40.32338,4.25258,0.30404000000000003,0.026660000000000003,7.56543,22.88116,1.0913,32.97014,0.0014
3/4/2563,19.76174,23.21045,33.762370000000004,4.649780000000002,35.648,40.44842,4.25232,0.30394,0.02667,7.575010000000002,22.89766,1.0915700000000002,32.967420000000004,0.0014
2/4/2563,19.9339,23.2797,33.789629999999995,4.64479,35.705,40.80851,4.24326,0.30496,0.02678,7.503889999999997,22.99232,1.08257,32.892070000000004,0.00139
1/4/2563,20.06586,23.3068,34.21078,4.65267,36.195,40.96913,4.26552,0.30865,0.02673,7.590439999999999,23.05282,1.09243,33.06416,0.0014
31/3/2563,20.16689,23.27634,34.06386,4.62559,36.13,40.70344,4.22553,0.30454000000000003,0.026869999999999998,7.63848,23.04533,1.08935,32.75137,0.0014
30/3/2563,20.12616,23.04388,34.05433,4.59861,36.054,40.41702,4.20805,0.30268,0.02665,7.51893,22.91733,1.07627,32.63603,0.0013800000000000002
29/3/2563,19.82508,22.9555,33.8171,4.53385,35.84731,40.111129999999996,4.1555800000000005,0.29927,0.02658,7.5228899999999985,22.56535,1.07792,32.21535,0.0013800000000000002
27/3/2563,20.04505,23.21511,34.18619,4.58554,36.223,40.55373,4.19327,0.30105,0.02683,7.60173,22.77088,1.08896,32.50507,0.00139
26/3/2563,19.68596,23.19192,33.80419000000001,4.60236,35.944,39.6396,4.20236,0.29764,0.02687,7.565410000000001,22.76421,1.08414,32.57804,0.00139
25/3/2563,19.47992,23.04031,33.4965,4.59509,35.583,38.87663,4.21683,0.29417,0.02652,7.50016,22.58837,1.08769,32.69294,0.00139
24/3/2563,19.55886,22.65124,33.36025,4.63732,35.328,38.51723,4.226369999999998,0.29421,0.02654,7.339360000000001,22.64209,1.07619,32.75995,0.0013800000000000002
23/3/2563,19.08601,22.61551,33.316140000000004,4.6265800000000015,35.199,37.88342,4.23081,0.295,0.025769999999999998,7.41078,22.46539,1.08586,32.81346,0.0014
22/3/2563,18.96368,22.74973,33.15821,4.60681,34.96201,38.135659999999994,4.2114,0.29486,0.02605,7.43887,22.52214,1.0799299999999998,32.66333,0.00139
20/3/2563,18.9682,22.799120000000002,33.15521,4.61131,34.961999999999996,37.937020000000004,4.21395,0.29484,0.02603,7.4279800000000025,22.55846,1.07994,32.68775,0.00139
19/3/2563,18.69255,22.46976,32.990790000000004,4.5821,34.736,37.36741,4.19919,0.29385,0.0259,7.3190100000000005,22.47994,1.06011,32.58934,0.0013800000000000002
18/3/2563,18.87085,22.48035,33.72329000000001,4.63084,35.601,37.79701,4.20159,0.30197,0.025960000000000004,7.419810000000001,22.58331,1.06972,32.62136,0.00139
17/3/2563,19.33091,22.62619,33.4515,4.5907,35.386,38.79108,4.1419,0.29859,0.025960000000000004,7.38578,22.50245,1.06228,32.14688,0.0013800000000000002
16/3/2563,19.60966,22.93455,33.96532,4.59425,35.91,39.41909,4.13618,0.30335,0.02608,7.45067,22.62817,1.06233,32.123020000000004,0.0013800000000000002
15/3/2563,19.76149,22.97337000000001,33.40783,4.53995,35.33947,39.19813,4.06503,0.29473,0.02605,7.377639999999999,22.45972,1.0551700000000002,31.58242000000001,0.0013599999999999999
13/3/2563,19.66544,23.05188,33.44358,4.5413,35.339,39.11864,4.09668,0.29463,0.026269999999999998,7.40425,22.49144,1.05482,31.8249,0.0013599999999999999
12/3/2563,19.979129999999998,22.780820000000002,33.514340000000004,4.50598,35.426,39.87798,4.0767,0.30277,0.026180000000000002,7.39089,22.50956,1.04629,31.707079999999998,0.0013599999999999999
11/3/2563,20.42233,22.84004,33.5152,4.51736,35.445,40.36051,4.05135,0.30134,0.02642,7.3922300000000005,22.56335,1.0409899999999999,31.4731,0.00135
10/3/2563,20.42185,22.89045,33.45606,4.51889,35.485,40.50152,4.04513,0.29848,0.02652,7.3715199999999985,22.56856,1.04186,31.4249,0.00135
9/3/2563,20.718329999999998,22.96656,33.96898,4.5286599999999995,36.001,41.17129,4.04554,0.30746999999999997,0.0262,7.47312,22.70411,1.04966,31.43863,0.0013599999999999999
8/3/2563,20.58328,22.95711,33.47803,4.52663,35.41455999999999,40.825109999999995,4.01464,0.29875,0.02624,7.477760000000001,22.611629999999998,1.0449899999999999,31.196209999999997,0.00135
6/3/2563,20.84069,23.36853,33.457409999999996,4.51883,35.415,40.92044,4.03555,0.29771,0.02638,7.4904800000000025,22.75955,1.0441200000000002,31.36763,0.00135
5/3/2563,20.87164,23.54156,33.38558,4.55132,35.463,40.88991,4.0610800000000005,0.29741,0.02655,7.6200600000000005,22.82252,1.06063,31.561659999999996,0.00137
4/3/2563,20.760479999999998,23.41837,32.77503,4.5263599999999995,34.91,40.34719000000001,4.035019999999999,0.29155,0.02646,7.49109,22.64442,1.04851,31.35554,0.00135
3/3/2563,20.66121,23.43843,32.8235,4.50876,35.066,40.20915,4.03672,0.29278000000000004,0.02658,7.50075,22.60398,1.05345,31.369429999999998,0.0013599999999999999
2/3/2563,20.57236,23.60202,32.84933,4.52564,35.066,40.14241,4.04366,0.29063,0.02647,7.50091,22.63958,1.05073,31.46061,0.0013599999999999999
1/3/2563,20.3981,23.409860000000002,32.640859999999996,4.50951,34.76692,40.26559,4.035909999999999,0.2928,0.02622,7.4687100000000015,22.575039999999998,1.04577,31.45645,0.0013599999999999999
28/2/2563,20.50642,23.5281,32.64998,4.5060699999999985,34.767,40.41828,4.04426,0.2917,0.02625,7.50016,22.60445,1.04593,31.52126,0.00136
27/2/2563,20.80923,23.64715,32.68485,4.5228199999999985,34.828,40.80561,4.0607,0.28896,0.02611,7.5563600000000015,22.68319,1.05193,31.65319,0.00137
26/2/2563,20.8635,23.88734,32.61451,4.53537,34.672,41.11272,4.08861,0.28854,0.02627,7.5387,22.79583,1.05008,31.86208,0.00137
25/2/2563,20.9582,23.90089,32.5381,4.5271,34.554,41.2871,4.07606,0.28816,0.02611,7.52975,22.70451,1.04959,31.75642,0.00137
24/2/2563,20.90886,23.82702,32.3537,4.50542,34.375,40.93042,4.06346,0.28628000000000003,0.026,7.5153,22.62838,1.04321,31.67371,0.00137
23/2/2563,20.83657,23.83337,32.25124,4.48983,34.21614,40.91568,4.05576,0.28349,0.02618,7.55158,22.55365,1.0399200000000002,31.59531,0.00136
21/2/2563,20.90254,23.84955,32.24214,4.48629,34.216,40.87054000000001,4.0503300000000015,0.28267,0.026119999999999997,7.5515300000000005,22.562929999999998,1.0399100000000001,31.54115,0.0013599999999999999
20/2/2563,20.79573,23.72267,31.95832,4.47792,33.922,40.50968,4.04248,0.28064,0.0261,7.51018,22.44855,1.03545,31.451190000000004,0.00135
19/2/2563,20.82553,23.58377,31.71138,4.45656,33.713,40.30149,4.01342,0.28038,0.02615,7.50428,22.36381,1.03657,31.19148,0.00134
18/2/2563,20.87213,23.54553,31.75001,4.46009,33.692,40.57859000000001,4.01778,0.2841,0.02621,7.49377,22.41337,1.033,31.2119,0.00134
17/2/2563,20.93022,23.56054,31.79447,4.4679400000000005,33.791,40.54596,4.01392,0.28382,0.026310000000000004,7.521139999999999,22.44832,1.03901,31.18028,0.00134
16/2/2563,20.959629999999997,23.54269,31.77187,4.46671,33.80495,40.6911,4.01613,0.28414,0.02635,7.53464,22.426,1.0396299999999998,31.19559000000001,0.00134
14/2/2563,20.956020000000002,23.55355,31.77849,4.4653,33.805,40.72401,4.01815,0.28431,0.026369999999999998,7.5346600000000015,22.42202,1.0393700000000001,31.21278,0.00134
13/2/2563,20.92705,23.4834,31.81908,4.46199,33.775,40.635,4.011430000000002,0.28371,0.026330000000000003,7.51006,22.419520000000002,1.03712,31.15602,0.00134
12/2/2563,20.94354,23.468410000000002,31.7932,4.46025,33.81,40.30086,4.001869999999999,0.2825,0.02638,7.492189999999999,22.42578,1.03301,31.099090000000004,0.00133
11/2/2563,20.9635,23.49544,31.99737,4.4829300000000005,34.09,40.4509,4.0203,0.28436999999999996,0.026410000000000003,7.55658,22.51889,1.04043,31.220240000000004,0.00134
10/2/2563,20.93768,23.52006,32.04865,4.48482,34.177,40.44903,4.0330900000000005,0.28536999999999996,0.02636,7.52665,22.54479,1.03748,31.321859999999997,0.00134
9/2/2563,20.9098,23.54553,32.068709999999996,4.47484,34.29124,40.379690000000004,4.03445,0.28554,0.02628,7.5648100000000005,22.53378,1.03835,31.33108,0.00135
7/2/2563,20.92024,23.54634,32.04991,4.47383,34.291,40.36705,4.03471,0.28541,0.02626,7.56475,22.54118,1.03836,31.33372,0.00135
6/2/2563,20.982120000000002,23.45655,31.97328,4.47082,34.221,40.28986,4.01409,0.28331999999999996,0.026269999999999998,7.5461399999999985,22.493389999999998,1.03593,31.16511,0.00134
5/2/2563,20.91754,23.34136,31.847040000000003,4.44666,34.105,40.30466,3.99382,0.28236,0.026180000000000002,7.515919999999999,22.45582000000001,1.03035,31.00483,0.00133
4/2/2563,20.84948,23.29815,31.91922000000001,4.4215300000000015,34.17,40.3143,3.9836199999999997,0.28261,0.026139999999999997,7.5191399999999975,22.576810000000002,1.0242,30.9354,0.00133
3/2/2563,20.78746,23.37787,32.16492,4.42483,34.365,40.38475,4.001,0.28594,0.02609,7.549930000000002,22.6926,1.02577,31.07311,0.00134
2/2/2563,20.87789,23.58593,32.41826,4.4992,34.62368,41.15888,4.02175,0.28828000000000004,0.02612,7.65486,22.88049,1.03474,31.23048,0.00135
31/1/2563,20.86776,23.59001,32.39248,4.50095,34.624,41.22199000000001,4.01941,0.28800000000000003,0.0261,7.65493,22.86529,1.03474,31.207690000000003,0.00135
30/1/2563,20.92696,23.58355,32.13018,4.49045,34.365,40.77383,4.01071,0.28592,0.0262,7.62616,22.86975,1.0289700000000002,31.14916,0.00134
29/1/2563,20.90384,23.46906,31.82285,4.46704,34.109,40.31749,3.9853,0.28417,0.02627,7.59886,22.76058,1.03026,30.97833,0.00134
28/1/2563,20.84284,23.42896,31.68814,4.44559,33.983000000000004,40.15859,3.96504,0.28227,0.02621,7.55262,22.70771,1.02432,30.83281,0.00133
27/1/2563,20.74472,23.26159,31.65171,4.42428,33.817,40.07133,3.9462,0.2818,0.026060000000000003,7.5449,22.60162,1.01785,30.69027,0.00132
26/1/2563,20.80391,23.20733,31.44936,4.4023400000000015,33.6678,39.90684,3.92612,0.28023000000000003,0.02608,7.51059,22.55588,1.01587,30.52191,0.00132
24/1/2563,20.8419,23.22379,31.44074,4.40151,33.668,39.91228,3.92797,0.2794,0.0261,7.51065,22.59294,1.01581,30.53427000000001,0.00132
23/1/2563,20.8771,23.24049,31.47193,4.39751,33.728,40.03609,3.92454,0.27853,0.02609,7.4740199999999986,22.57322000000001,1.01205,30.50651,0.00131
22/1/2563,20.78641,23.12548,31.38217,4.39869,33.701,39.91165,3.90879,0.2766,0.02607,7.483289999999997,22.52138,1.01384,30.37932,0.00131
21/1/2563,20.78872,23.23923,31.35997,4.39888,33.669000000000004,39.63297,3.9093,0.27653,0.02595,7.44626,22.50722,1.01,30.37868,0.00131
20/1/2563,20.86531,23.26574,31.35273,4.42062,33.686,39.4875,3.90723,0.27552,0.0262,7.48345,22.53998,1.01488,30.3565,0.00131
19/1/2563,20.91332,23.27541,31.4163,4.43382,33.730259999999994,39.54032,3.914930000000002,0.27615,0.02619,7.487139999999999,22.5702,1.01321,30.41283,0.00131
17/1/2563,20.90266,23.27009,31.42966,4.43268,33.73,39.57062,3.91554,0.27608,0.02618,7.48707,22.57274,1.01318,30.415340000000004,0.00131
16/1/2563,20.93838,23.27658,31.45813,4.4131300000000016,33.809,39.69031,3.90546,0.27551,0.026160000000000003,7.456110000000002,22.53483,1.01286,30.35573,0.00131
15/1/2563,20.91831,23.23223,31.439840000000004,4.39867,33.795,39.53279000000001,3.89895,0.27578,0.02617,7.43826,22.51019,1.01202,30.30154000000001,0.00131
14/1/2563,20.88104,23.16855,31.27229,4.3949099999999985,33.669000000000004,39.40199000000001,3.89125,0.27512,0.02613,7.42409,22.46277000000001,1.0107700000000002,30.26046,0.00131
13/1/2563,20.82998,23.11777,31.09043,4.3779,33.61,39.20997,3.88332,0.27454,0.02613,7.43963,22.41414,1.01088,30.18194,0.0013
12/1/2563,20.81378,23.10533,30.99973,4.3597199999999985,33.54016,39.32807,3.88466,0.27544,0.02603,7.4169399999999985,22.37532,1.00812,30.17178,0.0013
10/1/2563,20.87133,23.17235,31.09215,4.37144,33.64,39.51743,3.89471,0.27621,0.0261,7.439019999999997,22.42398,1.01141,30.24799,0.00131
9/1/2563,20.75875,23.19205,31.12717,4.37066,33.641,39.5823,3.89931,0.27666,0.02612,7.4060000000000015,22.42076,1.0115299999999998,30.2892,0.00131
8/1/2563,20.84953,23.29777,31.1956,4.37167,33.741,39.79455,3.90634,0.27849,0.0261,7.39302,22.4892,1.00964,30.37376,0.00131
7/1/2563,20.805,23.29675,31.2049,4.36126,33.774,39.74487,3.895680000000002,0.27932,0.02593,7.37955,22.43181,1.00517,30.291940000000004,0.0013
6/1/2563,20.92179,23.25937,31.15105,4.3234,33.764,39.73077,3.88058,0.27825,0.02583,7.34351,22.35286,1.0023799999999998,30.155040000000003,0.0013
5/1/2563,20.92175,23.22217,31.05216,4.33141,33.661,39.42077000000001,3.87711,0.27976,0.02587,7.372910000000001,22.35364,1.00633,30.15976,0.00131
3/1/2563,20.95613,23.21,31.02668,4.32855,33.661,39.45219,3.87865,0.27909,0.02587,7.372910000000001,22.35438,1.00623,30.173,0.00131
2/1/2563,21.05405,23.21515,31.0361,4.32907,33.681,39.61725,3.87015,0.27773000000000003,0.02604,7.36712,22.37613,1.0022,30.14688,0.0013
1/1/2563,20.82199,22.87618,30.70953,4.26845,33.33059,39.38297,3.81416,0.2734,0.02572,7.25713,22.08392000000001,0.99562,29.717,0.00128
31/12/2562,20.84155,22.87489,30.6506,4.26828,33.331,39.37973,3.81239,0.27334,0.025710000000000004,7.25723,22.07643,0.99259,29.70413,0.00128
30/12/2562,20.96649,22.92863,30.90948,4.28504,33.551,39.29655,3.84582,0.27506,0.02587,7.3002,22.20832,0.99755,29.95037,0.00129
29/12/2562,21.05053,23.07463,30.96202000000001,4.31118,33.70695,39.44364,3.8712800000000014,0.27537,0.02597,7.32568,22.29399,1.00371,30.14906,0.0013
27/12/2562,21.06609,23.05383,30.94003,4.31113,33.707,39.46401,3.87343,0.27535,0.02599,7.3257,22.30833,1.00368,30.15909000000001,0.0013
26/12/2562,20.89192,22.94548,30.66337,4.29859,33.39532,39.11787,3.86371,0.2744,0.0259,7.290610000000001,22.22295,1.00009,30.08967,0.0013
25/12/2562,20.86445,22.90601,30.77651,4.30415,33.43591,39.10998,3.86937,0.27562,0.02593,7.299469999999999,22.24952,0.98875,30.14688,0.0013
24/12/2562,20.87923,22.91895,30.77872,4.3044400000000005,33.436,39.10826,3.87204,0.27588,0.02593,7.29948,22.25713,1.00186,30.1573,0.0013
23/12/2562,20.86322,22.94648,30.7202,4.29976,33.45,39.02513,3.87322,0.27574,0.02591,7.28711,22.2469,1.00156,30.16204,0.0013
22/12/2562,20.80975,22.95661,30.72455,4.30943,33.438140000000004,39.22087,3.87062,0.27577,0.02603,7.27818,22.27457,0.99843,30.183190000000003,0.0013
20/12/2562,20.83364,22.9521,30.724,4.3090199999999985,33.438,39.25063,3.8732,0.27583,0.02604,7.27815,22.28012,0.99843,30.19233,0.0013
19/12/2562,20.78204,22.99711,30.86404000000001,4.30621,33.579,39.26771,3.87313,0.276,0.02595,7.2858399999999985,22.27921,0.9999,30.18663,0.0013
18/12/2562,20.70731,23.04574,30.83438,4.31566,33.603,39.54783,3.88126,0.27586,0.02593,7.296589999999999,22.3046,1.00141,30.22858,0.0013
17/12/2562,20.7149,22.98426,30.86806,4.324319999999998,33.734,39.71977,3.88386,0.27621,0.02599,7.296360000000001,22.32059,1.00316,30.24711,0.0013
16/12/2562,20.7701,22.95197000000001,30.71551,4.31647,33.643,40.16307000000001,3.87553,0.27557,0.02583,7.288189999999997,22.29401,1.00153,30.20452,0.0013
15/12/2562,20.7434,22.91136,30.69907000000001,4.32292,33.59767,40.29754000000001,3.87113,0.27605,0.025710000000000004,7.27143,22.2879,0.9953,30.18821,0.0013
13/12/2562,20.77824,22.94068,30.70273,4.32295,33.598,40.29938,3.87386,0.27635,0.0257,7.27151,22.33227,0.9953,30.21946,0.0013
12/12/2562,20.91199,22.92567,30.65584,4.31266,33.753,40.64472,3.868630000000001,0.27581,0.02575,7.2892800000000015,22.31603,0.99934,30.19268,0.00131
11/12/2562,20.803420000000006,22.97131,30.80495,4.29953,33.698,39.95021,3.87618,0.27887,0.02544,7.30168,22.30371,0.99797,30.27156,0.00131
10/12/2562,20.62989,22.90355,30.79037000000001,4.30853,33.616,39.76813,3.87153,0.27853,0.02545,7.2825,22.30598,0.99571,30.30325,0.00131
9/12/2562,20.67379,22.88722000000001,30.67577,4.30512,33.53,39.82422,3.87098,0.27909,0.02546,7.27711,22.28173,0.99279,30.30166,0.00131
8/12/2562,20.75094,22.89923,30.65911,4.31415,33.57004000000001,39.87509,3.87735,0.27954,0.02559,7.27521,22.31442,0.99338,30.35815,0.00131
6/12/2562,20.76388,22.89623,30.65431,4.31596,33.57,39.87078,3.87677,0.27955,0.0256,7.27521,22.31217,0.99355,30.35125,0.00131
5/12/2562,20.7536,23.04623,30.76348,4.31209,33.73,39.97109,3.87994,0.27931,0.02555,7.2942300000000015,22.324,0.99797,30.3748,0.00131
4/12/2562,20.7546,22.96429,30.65553,4.29978,33.577,39.72105,3.87132,0.2784,0.02544,7.26319,22.23201,0.99562,30.30853,0.00131
3/12/2562,20.72995,22.76985,30.66859,4.28728,33.545,39.34067,3.86609,0.27864,0.02545,7.2558,22.18996,0.9924,30.27008,0.00131
2/12/2562,20.64218,22.75373,30.54011,4.30037,33.539,39.18657,3.86786,0.27767,0.02553,7.288869999999997,22.15989,0.9984,30.27997,0.00131
1/12/2562,20.43603,22.74443,30.20957000000001,4.30699,33.29397,39.01013,3.85922,0.27584000000000003,0.02556,7.23308,22.09171,0.99218,30.20957000000001,0.00131
29/11/2562,20.42476,22.75859,30.22112000000001,4.29711,33.294000000000004,39.07013,3.85864,0.27592,0.02558,7.24949,22.08557,0.99218,30.21755,0.00131
28/11/2562,20.45934,22.7652,30.2774,4.29809,33.29,39.03703,3.8628,0.27607,0.02565,7.24988,22.13622,0.99223,30.23505,0.0013
27/11/2562,20.48748,22.76175,30.27053,4.30291,33.277,39.1425,3.86285,0.27607,0.02569,7.24547,22.15041,0.9901,30.23862,0.0013
26/11/2562,20.50392,22.77114,30.300490000000003,4.29734,33.316,38.87515,3.86057,0.27714,0.02576,7.22925,22.15307,0.99053,30.22353,0.0013
25/11/2562,20.48595,22.73208,30.33202,4.2979,33.295,38.99717,3.86179,0.27749,0.02575,7.2338,22.14897,0.98979,30.22943,0.0013
24/11/2562,20.50395,22.71603,30.264640000000004,4.2908800000000005,33.288990000000005,38.81011,3.85988,0.27787,0.02558,7.2389899999999985,22.13746,0.98489,30.20341,0.0013
22/11/2562,20.49929,22.71341,30.29302,4.29026,33.289,38.76493,3.86029,0.27804,0.02559,7.21041,22.13953,0.98489,30.20945,0.0013
21/11/2562,20.50437,22.7424,30.421540000000004,4.29861,33.417,38.99891,3.86258,0.27815,0.02568,7.229989999999999,22.16172000000001,0.98775,30.20828,0.0013
20/11/2562,20.51013,22.67559,30.46365,4.29063,33.427,39.01013,3.8568,0.27828,0.02578,7.2579,22.16057,0.98959,30.17967,0.0013
19/11/2562,20.60817,22.76699,30.48032000000001,4.2969800000000005,33.452,39.03111,3.85761,0.27818000000000004,0.02585,7.263489999999999,22.18979,0.99016,30.19651,0.0013
18/11/2562,20.54784,22.8607,30.511540000000004,4.29684,33.426,39.0984,3.8562,0.27783,0.02586,7.27221,22.19787,0.99111,30.189940000000004,0.0013
17/11/2562,20.62859,22.88942,30.58857,4.32645,33.4538,39.09707,3.86724,0.27831,0.02601,7.28883,22.25091,0.99349,30.27055,0.00131
15/11/2562,20.64577,22.89018,30.58595,4.3185400000000005,33.454,39.05577,3.86796,0.27826,0.02601,7.301819999999997,22.25445,0.9935,30.26936,0.00131
14/11/2562,20.49966,22.80404,30.5764,4.3039,33.298,38.92227000000001,3.85905,0.27872,0.02585,7.28733,22.18151,0.99163,30.21131,0.00131
13/11/2562,20.65277,22.79955,30.53011,4.30353,33.265,38.8383,3.86014,0.2778,0.0258,7.27485,22.17519,0.9902,30.21811,0.0013
12/11/2562,20.75192,22.92523,30.55642000000001,4.33082,33.411,38.97599,3.87608,0.27844,0.02602,7.32039,22.274,0.9959,30.34247,0.00131
11/11/2562,20.77696,22.92887,30.54553,4.32846,33.475,39.00333,3.87726,0.27822,0.02603,7.326869999999999,22.29645,0.99773,30.3419,0.00131
10/11/2562,20.8111,22.9516,30.43043,4.33889,33.44989,38.82299,3.87757,0.27786,0.02619,7.34409,22.32359,0.99878,30.35242,0.00131
8/11/2562,20.8205,22.94774,30.43648,4.33892,33.45,38.78531,3.87835,0.27786,0.0262,7.337460000000001,22.33126,0.99882,30.355,0.00131
7/11/2562,20.96503,23.09336,30.575640000000003,4.35956,33.617,38.98527,3.88765,0.27833,0.02634,7.357310000000001,22.40954,1.00001,30.42455,0.00131
6/11/2562,20.84815,22.97662,30.5245,4.32835,33.533,38.94748,3.87097,0.27803,0.02609,7.315069999999999,22.2747,0.99552,30.29588,0.0013
5/11/2562,20.84809,23.00001,30.462840000000003,4.31407,33.491,38.95118,3.8603,0.27699,0.02615,7.29365,22.25375,0.99154,30.24045,0.0013
4/11/2562,20.77124,22.95167,30.56777,4.29562,33.59,38.89938,3.85251,0.27805,0.02597,7.2486,22.21708,0.98926,30.19299,0.0013
3/11/2562,20.84791,22.96439,30.61181,4.28705,33.69106,39.03313,3.85027,0.27879,0.02591,7.250389999999999,22.2304,0.99118,30.17479,0.0013
1/11/2562,20.85898,22.96044,30.61121,4.28704,33.691,39.04754000000001,3.85085,0.2789,0.0259,7.250369999999997,22.22831,0.99118,30.16987,0.0013
31/10/2562,20.79306,22.91607,30.57656,4.28581,33.644,39.00844,3.84925,0.27927,0.02579,7.22036,22.17097,0.98977,30.16912,0.0013
30/10/2562,20.86344,22.97405,30.56772,4.28613,33.722,39.01203,3.85649,0.27773000000000003,0.025960000000000004,7.25891,22.20627,0.99643,30.2369,0.00131
29/10/2562,20.75354,23.10898,30.42726,4.27982,33.606,38.90844,3.85777,0.27781,0.02592,7.2497,22.19918,0.9935,30.24271,0.00131
28/10/2562,20.67039,23.15645,30.3856,4.27688,33.553000000000004,38.87904,3.85631,0.27738,0.02588,7.2233100000000015,22.19231,0.98975,30.23092,0.0013
27/10/2562,20.57654,23.09312000000001,30.32853,4.26917,33.42082,38.67613,3.8485,0.27751,0.02574,7.18372,22.12713,0.98272,30.16238,0.0013
25/10/2562,20.57399,23.09356,30.327040000000004,4.2692,33.421,38.71397,3.84879,0.27755,0.02574,7.18376,22.12286,0.98271,30.16281,0.0013
24/10/2562,20.62061,23.13542,30.489690000000003,4.27785,33.585,38.86523,3.85811,0.27841,0.02575,7.211410000000001,22.1793,0.98649,30.24286,0.0013
23/10/2562,20.74389,23.15738,30.55613,4.28421,33.697,39.08621,3.86028,0.27856,0.02586,7.2448,22.22142,0.9912,30.27012,0.00131
22/10/2562,20.77376,23.13833,30.62068,4.2815,33.71,38.99995,3.86382,0.27932,0.02585,7.22306,22.2272,0.9895,30.3014,0.0013
21/10/2562,20.76864,23.10658,30.68311,4.276680000000002,33.736999999999995,39.21493,3.85668,0.27859,0.025810000000000003,7.22698,22.21966,0.98936,30.24763,0.0013
18/10/2562,20.76361,23.07052,30.76629,4.27582,33.826,39.28596,3.8608,0.27931,0.02568,7.25802,22.19466,0.99365,30.2829,0.00131
17/10/2562,20.69042,23.0684,30.68062,4.28267,33.72,39.06214,3.86325,0.27896,0.025710000000000004,7.2583199999999986,22.20759,0.99112,30.30303,0.00131
16/10/2562,20.51404,23.00031,30.524690000000003,4.2810000000000015,33.626,38.92259,3.87071,0.27928000000000003,0.02561,7.27033,22.1629,0.99478,30.36537,0.00131
15/10/2562,20.54964,23.04799,30.47223,4.29742,33.574,38.8498,3.87927,0.27961,0.0257,7.27292,22.19989,0.99508,30.43411,0.00131
14/10/2562,20.61407,22.99317000000001,30.50419,4.3028,33.536,38.41818,3.87709,0.28065,0.02568,7.2591899999999985,22.22428,0.99347,30.417040000000004,0.00131
11/10/2562,20.69152,23.07544,30.55596,4.29737,33.614000000000004,38.53137,3.88317,0.28087,0.02572,7.27765,22.18804,0.99317,30.45602,0.00131
10/10/2562,20.5671,22.88491,30.52587,4.27399,33.482,37.83875,3.87831,0.28194,0.02556,7.24891,22.10821,0.98887,30.41385,0.00131
9/10/2562,20.39623,22.74709,30.46688,4.25279,33.284,37.03242,3.86621,0.28226,0.02531,7.22168,21.96529,0.98447,30.33208,0.0013
8/10/2562,20.46169,22.8242,30.62422,4.2565,33.319,37.17062,3.87681,0.28404,0.02535,7.23178,21.99651,0.98414,30.41068,0.00131
7/10/2562,20.51904,22.89594,30.6389,4.26318,33.437,37.45561,3.88591,0.2842,0.02546,7.26386,22.06611,0.98591,30.47623,0.00131
6/10/2562,20.56916,22.83512,30.583990000000004,4.25656,33.40184,37.48888,3.87894,0.28515,0.02552,7.2622,22.0496,0.98245,30.4209,0.00131
4/10/2562,20.58434,22.8282,30.56216,4.2566,33.402,37.52359000000001,3.88086,0.28459,0.02552,7.26225,22.07171,0.98247,30.42589000000001,0.00131
3/10/2562,20.60214,22.90687,30.59645,4.27233,33.51,37.69616,3.89561,0.2858,0.02542,7.30368,22.13225,0.98678,30.55015,0.00132
2/10/2562,20.52598,22.97049,30.70777,4.28251,33.553000000000004,37.6467,3.90244,0.28565,0.02541,7.32486,22.1161,0.98848,30.6121,0.00132
1/10/2562,20.52486,23.16123,30.83584,4.283519999999998,33.474000000000004,37.64507,3.90508,0.28421,0.02545,7.321039999999999,22.1022,0.98898,30.62664,0.00132
30/9/2562,20.65316,23.11013,30.67011,4.28003,33.347,37.61138,3.90312,0.28314,0.02554,7.29231,22.14482000000001,0.98311,30.59737,0.00132
29/9/2562,20.71955,23.1431,30.90562000000001,4.30063,33.518840000000004,37.66162,3.906730000000002,0.28367,0.02546,7.30576,22.1706,0.98757,30.63263,0.00132
27/9/2562,20.7217,23.14209,30.91888,4.3007800000000005,33.519,37.64995,3.90703,0.28384000000000004,0.02546,7.30357,22.17804,0.98751,30.63446,0.00132
26/9/2562,20.67878,23.09285,30.83603,4.29579,33.45,37.77015,3.90861,0.28412,0.02553,7.31659,22.16729,0.98594,30.63888,0.00132
25/9/2562,20.65541,23.06622,30.85202,4.29042,33.482,37.79433,3.90279,0.28395,0.0255,7.30028,22.19056,0.9807,30.593090000000004,0.00131
24/9/2562,20.76788,23.07286,30.985840000000003,4.2922400000000005,33.661,38.15748,3.89577,0.28529,0.02556,7.30855,22.20778,0.98747,30.54676,0.00132
23/9/2562,20.6538,22.97649,30.78909,4.28042,33.505,37.88787,3.88742,0.28341,0.02549,7.2927300000000015,22.12077,0.98356,30.47294,0.00131
22/9/2562,20.62523,22.97693,30.75658,4.2965300000000015,33.57849,38.00794000000001,3.88791,0.28292,0.02552,7.30567,22.13334,0.98264,30.47714,0.00131
20/9/2562,20.61161,22.96597,30.74578,4.29657,33.579,37.99346,3.88779,0.28326,0.02552,7.30582,22.12638,0.98268,30.47151,0.00131
19/9/2562,20.75072,23.0244,30.76263,4.30347,33.722,38.25742,3.8996,0.28262,0.02556,7.28667,22.14939,0.98344,30.53699000000001,0.00131
18/9/2562,20.85159,22.98042,30.63346,4.3089,33.687,38.08506,3.89885,0.28162,0.02562,7.2810000000000015,22.19228,0.9848,30.53129,0.00131
17/9/2562,20.95985,23.03748,30.73117,4.30353,33.79,38.1532,3.90132,0.28227,0.0257,7.2876699999999985,22.21214,0.9885,30.51953,0.00132
16/9/2562,20.94428,23.04866,30.72578,4.31767,33.563,37.91573,3.90262,0.28219,0.02575,7.304880000000002,22.1759,0.98373,30.51362,0.00131
15/9/2562,20.94469,23.04342,30.88763,4.30755,33.78211,38.1318,3.89942,0.28328000000000003,0.02586,7.3172,22.19193,0.98616,30.50827,0.00131
13/9/2562,20.98756,22.96096,30.80543,4.3075,33.782,38.12953,3.89977,0.28222,0.02586,7.317189999999999,22.20484,0.98616,30.51203,0.00131
12/9/2562,20.90414,23.0506,30.74381,4.29985,33.681999999999995,37.55882,3.89075,0.28159,0.02574,7.30566,22.13242,0.98908,30.44315,0.00132
11/9/2562,20.98855,23.18259,30.797590000000003,4.29737,33.669000000000004,37.7024,3.90154,0.28365,0.0257,7.32763,22.17195,0.98241,30.58316,0.00132
10/9/2562,21.00657,23.28468,30.87224,4.30358,33.821,37.83364,3.90451,0.28469,0.0257,7.35303,22.18978,0.98103,30.61001,0.00132
9/9/2562,21.03164,23.26381,30.896590000000003,4.30224,33.85,37.82292,3.90804,0.28566,0.025710000000000004,7.34385,22.2024,0.98393,30.63542,0.00132
8/9/2562,21.00769,23.29008,31.06698,4.312880000000002,33.83582,37.67321,3.91359,0.28718,0.02572,7.3378,22.21,0.98264,30.68202,0.00132
6/9/2562,20.98318,23.26635,31.0149,4.3052,33.776,37.63972,3.90752,0.28655,0.02568,7.321919999999999,22.1767,0.981,30.631940000000004,0.00132
5/9/2562,20.90843,23.18992,31.11466,4.29256,33.861,37.82591,3.91471,0.2869,0.02563,7.31624,22.1705,0.98037,30.68398,0.00132
4/9/2562,20.7713,23.11087,31.15556,4.27619,33.722,37.4352,3.89735,0.28728000000000004,0.02539,7.2944,22.07602,0.97821,30.55747,0.00132
3/9/2562,20.68985,22.95408,31.02006,4.2646,33.591,37.00183,3.90335,0.28902,0.02528,7.2744,22.02024,0.97827,30.61869,0.00132
2/9/2562,20.58067,22.9933,30.92417,4.27076,33.607,36.9653,3.90667,0.28846,0.02524,7.25508,22.02582,0.97692,30.6376,0.00132
1/9/2562,20.59823,22.98644,30.95657000000001,4.2798,33.67007,37.20943,3.90537,0.28912,0.02531,7.282999999999999,22.04577,0.97311,30.6292,0.00132
30/8/2562,20.63669,23.01215,30.94513,4.27985,33.67,37.27403,3.90495,0.28823000000000004,0.0253,7.265860000000001,22.07753,0.97343,30.63234000000001,0.00132
29/8/2562,20.62206,23.05991,31.0642,4.28911,33.887,37.33282,3.90557,0.28772,0.02536,7.272360000000001,22.07651,0.97508,30.64534,0.00132
28/8/2562,20.63387,23.01573,31.2044,4.27449,33.939,37.41071,3.9044,0.28888,0.02525,7.2663600000000015,22.05578,0.97375,30.62755,0.00132
27/8/2562,20.67937,23.0552,31.2088,4.27656,33.97,37.64197,3.90319,0.28962,0.02527,7.28454,22.04556,0.97475,30.62871,0.00132
26/8/2562,20.73455,23.08586,31.25311,4.2780000000000005,33.969,37.40008,3.90034,0.28833000000000003,0.02524,7.27855,22.04005,0.9721,30.599390000000003,0.00132
25/8/2562,20.52279,22.9104,31.32069000000001,4.35376,33.96604,37.39518,3.88468,0.29067,0.0251,7.26958,21.91838,0.97992,30.46363,0.00132
23/8/2562,20.70615,23.06617,31.43838,4.31758,34.149,37.66295,3.90692,0.29076,0.02525,7.315239999999997,22.09405,0.98526,30.64835,0.00133
22/8/2562,20.81443,23.1628,31.31158,4.3479800000000015,34.129,37.74163,3.92866,0.28942,0.02544,7.3563399999999985,22.22924,0.98275,30.80012,0.00133
21/8/2562,20.87784,23.16532,31.340190000000003,4.35786,34.129,37.32556,3.92435,0.28877,0.0256,7.36285,22.24286,0.97993,30.77901,0.00133
20/8/2562,20.84839,23.1032,31.46176,4.35808,34.153,37.44108,3.923,0.2896,0.02551,7.36088,22.21146,0.98305,30.76681,0.00133
19/8/2562,20.87966,23.15945,31.44363,4.37678,34.194,37.42776,3.93413,0.28951,0.02546,7.384519999999997,22.25505,0.98219,30.86352,0.00133
18/8/2562,20.96431,23.29472,31.58715,4.39032,34.29006,37.5551,3.9406,0.2906,0.02557,7.401160000000001,22.32034,0.98824,30.91005,0.00133
16/8/2562,20.951970000000006,23.30022,31.59757,4.39024,34.29,37.55092,3.94155,0.2907,0.02559,7.401089999999999,22.33265,0.98836,30.91863,0.00133
15/8/2562,20.87885,23.14703,31.55353,4.38302,34.234,37.23839,3.92999,0.29042,0.02542,7.35693,22.18564,0.9763,30.81895,0.00132
14/8/2562,20.8134,23.15928,31.69933,4.3918300000000015,34.37,37.19576,3.9316,0.29164,0.02535,7.352339999999999,22.18965,0.98038,30.8442,0.00132
13/8/2562,21.011570000000006,23.36943,31.64808,4.38698,34.526,37.27141,3.93866,0.28953,0.02561,7.356910000000001,22.33507,0.97727,30.90183,0.00133
12/8/2562,20.84332,23.32076,31.85639,4.3722900000000005,34.622,37.28689,3.93434,0.29338000000000003,0.02535,7.34793,22.25093,0.9828,30.87005,0.00133
11/8/2562,20.85565,23.28272,31.58575,4.35273,34.43352,37.01255,3.92027,0.29109,0.02531,7.33898,22.1854,0.98032,30.745040000000003,0.00132
9/8/2562,20.86747,23.26585,31.6047,4.3526,34.433,36.97464,3.91956,0.29102,0.02531,7.33897,22.18564,0.98002,30.74155,0.00132
8/8/2562,20.913870000000006,23.2441,31.58938,4.3661,34.428000000000004,37.34137,3.92275,0.29046,0.02547,7.342919999999999,22.24002,0.98088,30.75878,0.00132
7/8/2562,20.82866,23.15826,31.60661,4.36387,34.516,37.41693,3.93002,0.29007,0.02541,7.307760000000001,22.28953,0.98054,30.81511,0.00133
6/8/2562,20.7658,23.13329,31.47112000000001,4.37071,34.411,37.38376,3.91972,0.28858,0.02532,7.33022,22.22789,0.9749,30.71752,0.00132
5/8/2562,20.82209,23.33491,31.7118,4.37257,34.573,37.44422,3.92882,0.29177,0.02532,7.33972,22.26265,0.9788,30.82526,0.00133
